series_info_id,date,region,sub_region,facility_size,turbine_nameplate_capacity,rotor_diameter,tower_height,drive_train,forecast_type,cost_element_category,cost_element_subcategory,dollars_per_mw
1,2023Q4,UNITED STATES,HAWAII,A.) 1-4 MW,A.) 1.0-1.99 MW,F.) 141+ METERS,F.) 121+ METERS,GEARED,NOMINAL,BALANCE OF PLANT,TURBINE ERECTION,742711.88452
1,2024Q1,UNITED STATES,HAWAII,A.) 1-4 MW,A.) 1.0-1.99 MW,F.) 141+ METERS,F.) 121+ METERS,GEARED,NOMINAL,BALANCE OF PLANT,TURBINE ERECTION,747097.44944
1,2024Q2,UNITED STATES,HAWAII,A.) 1-4 MW,A.) 1.0-1.99 MW,F.) 141+ METERS,F.) 121+ METERS,GEARED,NOMINAL,BALANCE OF PLANT,TURBINE ERECTION,752512.70849
1,2024Q3,UNITED STATES,HAWAII,A.) 1-4 MW,A.) 1.0-1.99 MW,F.) 141+ METERS,F.) 121+ METERS,GEARED,NOMINAL,BALANCE OF PLANT,TURBINE ERECTION,756404.55856
1,2024Y,UNITED STATES,HAWAII,A.) 1-4 MW,A.) 1.0-1.99 MW,F.) 141+ METERS,F.) 121+ METERS,GEARED,NOMINAL,BALANCE OF PLANT,TURBINE ERECTION,757328.5878399999
1,2025Y,UNITED STATES,HAWAII,A.) 1-4 MW,A.) 1.0-1.99 MW,F.) 141+ METERS,F.) 121+ METERS,GEARED,NOMINAL,BALANCE OF PLANT,TURBINE ERECTION,769719.23416
1,2026Y,UNITED STATES,HAWAII,A.) 1-4 MW,A.) 1.0-1.99 MW,F.) 141+ METERS,F.) 121+ METERS,GEARED,NOMINAL,BALANCE OF PLANT,TURBINE ERECTION,785184.05387
1,2027Y,UNITED STATES,HAWAII,A.) 1-4 MW,A.) 1.0-1.99 MW,F.) 141+ METERS,F.) 121+ METERS,GEARED,NOMINAL,BALANCE OF PLANT,TURBINE ERECTION,808077.24621
1,2028Y,UNITED STATES,HAWAII,A.) 1-4 MW,A.) 1.0-1.99 MW,F.) 141+ METERS,F.) 121+ METERS,GEARED,NOMINAL,BALANCE OF PLANT,TURBINE ERECTION,834578.27307
2,2023Q4,UNITED STATES,HAWAII,A.) 1-4 MW,A.) 1.0-1.99 MW,F.) 141+ METERS,E.) 111-120 METERS,GEARED,NOMINAL,BALANCE OF PLANT,TURBINE ERECTION,742711.88452
2,2024Q1,UNITED STATES,HAWAII,A.) 1-4 MW,A.) 1.0-1.99 MW,F.) 141+ METERS,E.) 111-120 METERS,GEARED,NOMINAL,BALANCE OF PLANT,TURBINE ERECTION,747097.44944
2,2024Q2,UNITED STATES,HAWAII,A.) 1-4 MW,A.) 1.0-1.99 MW,F.) 141+ METERS,E.) 111-120 METERS,GEARED,NOMINAL,BALANCE OF PLANT,TURBINE ERECTION,752512.70849
2,2024Q3,UNITED STATES,HAWAII,A.) 1-4 MW,A.) 1.0-1.99 MW,F.) 141+ METERS,E.) 111-120 METERS,GEARED,NOMINAL,BALANCE OF PLANT,TURBINE ERECTION,756404.55856
2,2024Y,UNITED STATES,HAWAII,A.) 1-4 MW,A.) 1.0-1.99 MW,F.) 141+ METERS,E.) 111-120 METERS,GEARED,NOMINAL,BALANCE OF PLANT,TURBINE ERECTION,757328.5878399999
2,2025Y,UNITED STATES,HAWAII,A.) 1-4 MW,A.) 1.0-1.99 MW,F.) 141+ METERS,E.) 111-120 METERS,GEARED,NOMINAL,BALANCE OF PLANT,TURBINE ERECTION,769719.23416
2,2026Y,UNITED STATES,HAWAII,A.) 1-4 MW,A.) 1.0-1.99 MW,F.) 141+ METERS,E.) 111-120 METERS,GEARED,NOMINAL,BALANCE OF PLANT,TURBINE ERECTION,785184.05387
2,2027Y,UNITED STATES,HAWAII,A.) 1-4 MW,A.) 1.0-1.99 MW,F.) 141+ METERS,E.) 111-120 METERS,GEARED,NOMINAL,BALANCE OF PLANT,TURBINE ERECTION,808077.24621
2,2028Y,UNITED STATES,HAWAII,A.) 1-4 MW,A.) 1.0-1.99 MW,F.) 141+ METERS,E.) 111-120 METERS,GEARED,NOMINAL,BALANCE OF PLANT,TURBINE ERECTION,834578.27307
3,2023Q4,UNITED STATES,HAWAII,A.) 1-4 MW,A.) 1.0-1.99 MW,F.) 141+ METERS,D.) 101-110 METERS,GEARED,NOMINAL,BALANCE OF PLANT,TURBINE ERECTION,742711.88452
3,2024Q1,UNITED STATES,HAWAII,A.) 1-4 MW,A.) 1.0-1.99 MW,F.) 141+ METERS,D.) 101-110 METERS,GEARED,NOMINAL,BALANCE OF PLANT,TURBINE ERECTION,747097.44944
3,2024Q2,UNITED STATES,HAWAII,A.) 1-4 MW,A.) 1.0-1.99 MW,F.) 141+ METERS,D.) 101-110 METERS,GEARED,NOMINAL,BALANCE OF PLANT,TURBINE ERECTION,752512.70849
3,2024Q3,UNITED STATES,HAWAII,A.) 1-4 MW,A.) 1.0-1.99 MW,F.) 141+ METERS,D.) 101-110 METERS,GEARED,NOMINAL,BALANCE OF PLANT,TURBINE ERECTION,756404.55856
3,2024Y,UNITED STATES,HAWAII,A.) 1-4 MW,A.) 1.0-1.99 MW,F.) 141+ METERS,D.) 101-110 METERS,GEARED,NOMINAL,BALANCE OF PLANT,TURBINE ERECTION,757328.5878399999
3,2025Y,UNITED STATES,HAWAII,A.) 1-4 MW,A.) 1.0-1.99 MW,F.) 141+ METERS,D.) 101-110 METERS,GEARED,NOMINAL,BALANCE OF PLANT,TURBINE ERECTION,769719.23416
3,2026Y,UNITED STATES,HAWAII,A.) 1-4 MW,A.) 1.0-1.99 MW,F.) 141+ METERS,D.) 101-110 METERS,GEARED,NOMINAL,BALANCE OF PLANT,TURBINE ERECTION,785184.05387
3,2027Y,UNITED STATES,HAWAII,A.) 1-4 MW,A.) 1.0-1.99 MW,F.) 141+ METERS,D.) 101-110 METERS,GEARED,NOMINAL,BALANCE OF PLANT,TURBINE ERECTION,808077.24621
3,2028Y,UNITED STATES,HAWAII,A.) 1-4 MW,A.) 1.0-1.99 MW,F.) 141+ METERS,D.) 101-110 METERS,GEARED,NOMINAL,BALANCE OF PLANT,TURBINE ERECTION,834578.27307
4,2023Q4,UNITED STATES,HAWAII,A.) 1-4 MW,A.) 1.0-1.99 MW,F.) 141+ METERS,C.) 90-100 METERS,GEARED,NOMINAL,BALANCE OF PLANT,TURBINE ERECTION,742711.88452
4,2024Q1,UNITED STATES,HAWAII,A.) 1-4 MW,A.) 1.0-1.99 MW,F.) 141+ METERS,C.) 90-100 METERS,GEARED,NOMINAL,BALANCE OF PLANT,TURBINE ERECTION,747097.44944
4,2024Q2,UNITED STATES,HAWAII,A.) 1-4 MW,A.) 1.0-1.99 MW,F.) 141+ METERS,C.) 90-100 METERS,GEARED,NOMINAL,BALANCE OF PLANT,TURBINE ERECTION,752512.70849
4,2024Q3,UNITED STATES,HAWAII,A.) 1-4 MW,A.) 1.0-1.99 MW,F.) 141+ METERS,C.) 90-100 METERS,GEARED,NOMINAL,BALANCE OF PLANT,TURBINE ERECTION,756404.55856
4,2024Y,UNITED STATES,HAWAII,A.) 1-4 MW,A.) 1.0-1.99 MW,F.) 141+ METERS,C.) 90-100 METERS,GEARED,NOMINAL,BALANCE OF PLANT,TURBINE ERECTION,757328.5878399999
4,2025Y,UNITED STATES,HAWAII,A.) 1-4 MW,A.) 1.0-1.99 MW,F.) 141+ METERS,C.) 90-100 METERS,GEARED,NOMINAL,BALANCE OF PLANT,TURBINE ERECTION,769719.23416
4,2026Y,UNITED STATES,HAWAII,A.) 1-4 MW,A.) 1.0-1.99 MW,F.) 141+ METERS,C.) 90-100 METERS,GEARED,NOMINAL,BALANCE OF PLANT,TURBINE ERECTION,785184.05387
4,2027Y,UNITED STATES,HAWAII,A.) 1-4 MW,A.) 1.0-1.99 MW,F.) 141+ METERS,C.) 90-100 METERS,GEARED,NOMINAL,BALANCE OF PLANT,TURBINE ERECTION,808077.24621
4,2028Y,UNITED STATES,HAWAII,A.) 1-4 MW,A.) 1.0-1.99 MW,F.) 141+ METERS,C.) 90-100 METERS,GEARED,NOMINAL,BALANCE OF PLANT,TURBINE ERECTION,834578.27307
5,2023Q4,UNITED STATES,HAWAII,A.) 1-4 MW,A.) 1.0-1.99 MW,F.) 141+ METERS,B.) 81-90 METERS,GEARED,NOMINAL,BALANCE OF PLANT,TURBINE ERECTION,742711.88452
5,2024Q1,UNITED STATES,HAWAII,A.) 1-4 MW,A.) 1.0-1.99 MW,F.) 141+ METERS,B.) 81-90 METERS,GEARED,NOMINAL,BALANCE OF PLANT,TURBINE ERECTION,747097.44944
5,2024Q2,UNITED STATES,HAWAII,A.) 1-4 MW,A.) 1.0-1.99 MW,F.) 141+ METERS,B.) 81-90 METERS,GEARED,NOMINAL,BALANCE OF PLANT,TURBINE ERECTION,752512.70849
5,2024Q3,UNITED STATES,HAWAII,A.) 1-4 MW,A.) 1.0-1.99 MW,F.) 141+ METERS,B.) 81-90 METERS,GEARED,NOMINAL,BALANCE OF PLANT,TURBINE ERECTION,756404.55856
5,2024Y,UNITED STATES,HAWAII,A.) 1-4 MW,A.) 1.0-1.99 MW,F.) 141+ METERS,B.) 81-90 METERS,GEARED,NOMINAL,BALANCE OF PLANT,TURBINE ERECTION,757328.5878399999
5,2025Y,UNITED STATES,HAWAII,A.) 1-4 MW,A.) 1.0-1.99 MW,F.) 141+ METERS,B.) 81-90 METERS,GEARED,NOMINAL,BALANCE OF PLANT,TURBINE ERECTION,769719.23416
5,2026Y,UNITED STATES,HAWAII,A.) 1-4 MW,A.) 1.0-1.99 MW,F.) 141+ METERS,B.) 81-90 METERS,GEARED,NOMINAL,BALANCE OF PLANT,TURBINE ERECTION,785184.05387
5,2027Y,UNITED STATES,HAWAII,A.) 1-4 MW,A.) 1.0-1.99 MW,F.) 141+ METERS,B.) 81-90 METERS,GEARED,NOMINAL,BALANCE OF PLANT,TURBINE ERECTION,808077.24621
5,2028Y,UNITED STATES,HAWAII,A.) 1-4 MW,A.) 1.0-1.99 MW,F.) 141+ METERS,B.) 81-90 METERS,GEARED,NOMINAL,BALANCE OF PLANT,TURBINE ERECTION,834578.27307
6,2023Q4,UNITED STATES,HAWAII,A.) 1-4 MW,A.) 1.0-1.99 MW,F.) 141+ METERS,A.) <81 METERS,GEARED,NOMINAL,BALANCE OF PLANT,TURBINE ERECTION,742711.88452
6,2024Q1,UNITED STATES,HAWAII,A.) 1-4 MW,A.) 1.0-1.99 MW,F.) 141+ METERS,A.) <81 METERS,GEARED,NOMINAL,BALANCE OF PLANT,TURBINE ERECTION,747097.44944
6,2024Q2,UNITED STATES,HAWAII,A.) 1-4 MW,A.) 1.0-1.99 MW,F.) 141+ METERS,A.) <81 METERS,GEARED,NOMINAL,BALANCE OF PLANT,TURBINE ERECTION,752512.70849
6,2024Q3,UNITED STATES,HAWAII,A.) 1-4 MW,A.) 1.0-1.99 MW,F.) 141+ METERS,A.) <81 METERS,GEARED,NOMINAL,BALANCE OF PLANT,TURBINE ERECTION,756404.55856
6,2024Y,UNITED STATES,HAWAII,A.) 1-4 MW,A.) 1.0-1.99 MW,F.) 141+ METERS,A.) <81 METERS,GEARED,NOMINAL,BALANCE OF PLANT,TURBINE ERECTION,757328.5878399999
6,2025Y,UNITED STATES,HAWAII,A.) 1-4 MW,A.) 1.0-1.99 MW,F.) 141+ METERS,A.) <81 METERS,GEARED,NOMINAL,BALANCE OF PLANT,TURBINE ERECTION,769719.23416
6,2026Y,UNITED STATES,HAWAII,A.) 1-4 MW,A.) 1.0-1.99 MW,F.) 141+ METERS,A.) <81 METERS,GEARED,NOMINAL,BALANCE OF PLANT,TURBINE ERECTION,785184.05387
6,2027Y,UNITED STATES,HAWAII,A.) 1-4 MW,A.) 1.0-1.99 MW,F.) 141+ METERS,A.) <81 METERS,GEARED,NOMINAL,BALANCE OF PLANT,TURBINE ERECTION,808077.24621
6,2028Y,UNITED STATES,HAWAII,A.) 1-4 MW,A.) 1.0-1.99 MW,F.) 141+ METERS,A.) <81 METERS,GEARED,NOMINAL,BALANCE OF PLANT,TURBINE ERECTION,834578.27307
7,2023Q4,UNITED STATES,HAWAII,A.) 1-4 MW,A.) 1.0-1.99 MW,E.) 131-140 METERS,F.) 121+ METERS,GEARED,NOMINAL,BALANCE OF PLANT,TURBINE ERECTION,742711.88452
7,2024Q1,UNITED STATES,HAWAII,A.) 1-4 MW,A.) 1.0-1.99 MW,E.) 131-140 METERS,F.) 121+ METERS,GEARED,NOMINAL,BALANCE OF PLANT,TURBINE ERECTION,747097.44944
7,2024Q2,UNITED STATES,HAWAII,A.) 1-4 MW,A.) 1.0-1.99 MW,E.) 131-140 METERS,F.) 121+ METERS,GEARED,NOMINAL,BALANCE OF PLANT,TURBINE ERECTION,752512.70849
7,2024Q3,UNITED STATES,HAWAII,A.) 1-4 MW,A.) 1.0-1.99 MW,E.) 131-140 METERS,F.) 121+ METERS,GEARED,NOMINAL,BALANCE OF PLANT,TURBINE ERECTION,756404.55856
7,2024Y,UNITED STATES,HAWAII,A.) 1-4 MW,A.) 1.0-1.99 MW,E.) 131-140 METERS,F.) 121+ METERS,GEARED,NOMINAL,BALANCE OF PLANT,TURBINE ERECTION,757328.5878399999
7,2025Y,UNITED STATES,HAWAII,A.) 1-4 MW,A.) 1.0-1.99 MW,E.) 131-140 METERS,F.) 121+ METERS,GEARED,NOMINAL,BALANCE OF PLANT,TURBINE ERECTION,769719.23416
7,2026Y,UNITED STATES,HAWAII,A.) 1-4 MW,A.) 1.0-1.99 MW,E.) 131-140 METERS,F.) 121+ METERS,GEARED,NOMINAL,BALANCE OF PLANT,TURBINE ERECTION,785184.05387
7,2027Y,UNITED STATES,HAWAII,A.) 1-4 MW,A.) 1.0-1.99 MW,E.) 131-140 METERS,F.) 121+ METERS,GEARED,NOMINAL,BALANCE OF PLANT,TURBINE ERECTION,808077.24621
7,2028Y,UNITED STATES,HAWAII,A.) 1-4 MW,A.) 1.0-1.99 MW,E.) 131-140 METERS,F.) 121+ METERS,GEARED,NOMINAL,BALANCE OF PLANT,TURBINE ERECTION,834578.27307
8,2023Q4,UNITED STATES,HAWAII,A.) 1-4 MW,A.) 1.0-1.99 MW,E.) 131-140 METERS,E.) 111-120 METERS,GEARED,NOMINAL,BALANCE OF PLANT,TURBINE ERECTION,742711.88452
8,2024Q1,UNITED STATES,HAWAII,A.) 1-4 MW,A.) 1.0-1.99 MW,E.) 131-140 METERS,E.) 111-120 METERS,GEARED,NOMINAL,BALANCE OF PLANT,TURBINE ERECTION,747097.44944
8,2024Q2,UNITED STATES,HAWAII,A.) 1-4 MW,A.) 1.0-1.99 MW,E.) 131-140 METERS,E.) 111-120 METERS,GEARED,NOMINAL,BALANCE OF PLANT,TURBINE ERECTION,752512.70849
8,2024Q3,UNITED STATES,HAWAII,A.) 1-4 MW,A.) 1.0-1.99 MW,E.) 131-140 METERS,E.) 111-120 METERS,GEARED,NOMINAL,BALANCE OF PLANT,TURBINE ERECTION,756404.55856
8,2024Y,UNITED STATES,HAWAII,A.) 1-4 MW,A.) 1.0-1.99 MW,E.) 131-140 METERS,E.) 111-120 METERS,GEARED,NOMINAL,BALANCE OF PLANT,TURBINE ERECTION,757328.5878399999
8,2025Y,UNITED STATES,HAWAII,A.) 1-4 MW,A.) 1.0-1.99 MW,E.) 131-140 METERS,E.) 111-120 METERS,GEARED,NOMINAL,BALANCE OF PLANT,TURBINE ERECTION,769719.23416
8,2026Y,UNITED STATES,HAWAII,A.) 1-4 MW,A.) 1.0-1.99 MW,E.) 131-140 METERS,E.) 111-120 METERS,GEARED,NOMINAL,BALANCE OF PLANT,TURBINE ERECTION,785184.05387
8,2027Y,UNITED STATES,HAWAII,A.) 1-4 MW,A.) 1.0-1.99 MW,E.) 131-140 METERS,E.) 111-120 METERS,GEARED,NOMINAL,BALANCE OF PLANT,TURBINE ERECTION,808077.24621
8,2028Y,UNITED STATES,HAWAII,A.) 1-4 MW,A.) 1.0-1.99 MW,E.) 131-140 METERS,E.) 111-120 METERS,GEARED,NOMINAL,BALANCE OF PLANT,TURBINE ERECTION,834578.27307
9,2023Q4,UNITED STATES,HAWAII,A.) 1-4 MW,A.) 1.0-1.99 MW,E.) 131-140 METERS,D.) 101-110 METERS,GEARED,NOMINAL,BALANCE OF PLANT,TURBINE ERECTION,742711.88452
9,2024Q1,UNITED STATES,HAWAII,A.) 1-4 MW,A.) 1.0-1.99 MW,E.) 131-140 METERS,D.) 101-110 METERS,GEARED,NOMINAL,BALANCE OF PLANT,TURBINE ERECTION,747097.44944
9,2024Q2,UNITED STATES,HAWAII,A.) 1-4 MW,A.) 1.0-1.99 MW,E.) 131-140 METERS,D.) 101-110 METERS,GEARED,NOMINAL,BALANCE OF PLANT,TURBINE ERECTION,752512.70849
9,2024Q3,UNITED STATES,HAWAII,A.) 1-4 MW,A.) 1.0-1.99 MW,E.) 131-140 METERS,D.) 101-110 METERS,GEARED,NOMINAL,BALANCE OF PLANT,TURBINE ERECTION,756404.55856
9,2024Y,UNITED STATES,HAWAII,A.) 1-4 MW,A.) 1.0-1.99 MW,E.) 131-140 METERS,D.) 101-110 METERS,GEARED,NOMINAL,BALANCE OF PLANT,TURBINE ERECTION,757328.5878399999
9,2025Y,UNITED STATES,HAWAII,A.) 1-4 MW,A.) 1.0-1.99 MW,E.) 131-140 METERS,D.) 101-110 METERS,GEARED,NOMINAL,BALANCE OF PLANT,TURBINE ERECTION,769719.23416
9,2026Y,UNITED STATES,HAWAII,A.) 1-4 MW,A.) 1.0-1.99 MW,E.) 131-140 METERS,D.) 101-110 METERS,GEARED,NOMINAL,BALANCE OF PLANT,TURBINE ERECTION,785184.05387
9,2027Y,UNITED STATES,HAWAII,A.) 1-4 MW,A.) 1.0-1.99 MW,E.) 131-140 METERS,D.) 101-110 METERS,GEARED,NOMINAL,BALANCE OF PLANT,TURBINE ERECTION,808077.24621
9,2028Y,UNITED STATES,HAWAII,A.) 1-4 MW,A.) 1.0-1.99 MW,E.) 131-140 METERS,D.) 101-110 METERS,GEARED,NOMINAL,BALANCE OF PLANT,TURBINE ERECTION,834578.27307
10,2023Q4,UNITED STATES,HAWAII,A.) 1-4 MW,A.) 1.0-1.99 MW,E.) 131-140 METERS,C.) 90-100 METERS,GEARED,NOMINAL,BALANCE OF PLANT,TURBINE ERECTION,742711.88452
10,2024Q1,UNITED STATES,HAWAII,A.) 1-4 MW,A.) 1.0-1.99 MW,E.) 131-140 METERS,C.) 90-100 METERS,GEARED,NOMINAL,BALANCE OF PLANT,TURBINE ERECTION,747097.44944
10,2024Q2,UNITED STATES,HAWAII,A.) 1-4 MW,A.) 1.0-1.99 MW,E.) 131-140 METERS,C.) 90-100 METERS,GEARED,NOMINAL,BALANCE OF PLANT,TURBINE ERECTION,752512.70849
10,2024Q3,UNITED STATES,HAWAII,A.) 1-4 MW,A.) 1.0-1.99 MW,E.) 131-140 METERS,C.) 90-100 METERS,GEARED,NOMINAL,BALANCE OF PLANT,TURBINE ERECTION,756404.55856
10,2024Y,UNITED STATES,HAWAII,A.) 1-4 MW,A.) 1.0-1.99 MW,E.) 131-140 METERS,C.) 90-100 METERS,GEARED,NOMINAL,BALANCE OF PLANT,TURBINE ERECTION,757328.5878399999
10,2025Y,UNITED STATES,HAWAII,A.) 1-4 MW,A.) 1.0-1.99 MW,E.) 131-140 METERS,C.) 90-100 METERS,GEARED,NOMINAL,BALANCE OF PLANT,TURBINE ERECTION,769719.23416
10,2026Y,UNITED STATES,HAWAII,A.) 1-4 MW,A.) 1.0-1.99 MW,E.) 131-140 METERS,C.) 90-100 METERS,GEARED,NOMINAL,BALANCE OF PLANT,TURBINE ERECTION,785184.05387
10,2027Y,UNITED STATES,HAWAII,A.) 1-4 MW,A.) 1.0-1.99 MW,E.) 131-140 METERS,C.) 90-100 METERS,GEARED,NOMINAL,BALANCE OF PLANT,TURBINE ERECTION,808077.24621
10,2028Y,UNITED STATES,HAWAII,A.) 1-4 MW,A.) 1.0-1.99 MW,E.) 131-140 METERS,C.) 90-100 METERS,GEARED,NOMINAL,BALANCE OF PLANT,TURBINE ERECTION,834578.27307
11,2023Q4,UNITED STATES,HAWAII,A.) 1-4 MW,A.) 1.0-1.99 MW,E.) 131-140 METERS,B.) 81-90 METERS,GEARED,NOMINAL,BALANCE OF PLANT,TURBINE ERECTION,742711.88452
11,2024Q1,UNITED STATES,HAWAII,A.) 1-4 MW,A.) 1.0-1.99 MW,E.) 131-140 METERS,B.) 81-90 METERS,GEARED,NOMINAL,BALANCE OF PLANT,TURBINE ERECTION,747097.44944
11,2024Q2,UNITED STATES,HAWAII,A.) 1-4 MW,A.) 1.0-1.99 MW,E.) 131-140 METERS,B.) 81-90 METERS,GEARED,NOMINAL,BALANCE OF PLANT,TURBINE ERECTION,752512.70849
11,2024Q3,UNITED STATES,HAWAII,A.) 1-4 MW,A.) 1.0-1.99 MW,E.) 131-140 METERS,B.) 81-90 METERS,GEARED,NOMINAL,BALANCE OF PLANT,TURBINE ERECTION,756404.55856
11,2024Y,UNITED STATES,HAWAII,A.) 1-4 MW,A.) 1.0-1.99 MW,E.) 131-140 METERS,B.) 81-90 METERS,GEARED,NOMINAL,BALANCE OF PLANT,TURBINE ERECTION,757328.5878399999
11,2025Y,UNITED STATES,HAWAII,A.) 1-4 MW,A.) 1.0-1.99 MW,E.) 131-140 METERS,B.) 81-90 METERS,GEARED,NOMINAL,BALANCE OF PLANT,TURBINE ERECTION,769719.23416
11,2026Y,UNITED STATES,HAWAII,A.) 1-4 MW,A.) 1.0-1.99 MW,E.) 131-140 METERS,B.) 81-90 METERS,GEARED,NOMINAL,BALANCE OF PLANT,TURBINE ERECTION,785184.05387
11,2027Y,UNITED STATES,HAWAII,A.) 1-4 MW,A.) 1.0-1.99 MW,E.) 131-140 METERS,B.) 81-90 METERS,GEARED,NOMINAL,BALANCE OF PLANT,TURBINE ERECTION,808077.24621
11,2028Y,UNITED STATES,HAWAII,A.) 1-4 MW,A.) 1.0-1.99 MW,E.) 131-140 METERS,B.) 81-90 METERS,GEARED,NOMINAL,BALANCE OF PLANT,TURBINE ERECTION,834578.27307
12,2023Q4,UNITED STATES,HAWAII,A.) 1-4 MW,A.) 1.0-1.99 MW,E.) 131-140 METERS,A.) <81 METERS,GEARED,NOMINAL,BALANCE OF PLANT,TURBINE ERECTION,742711.88452
12,2024Q1,UNITED STATES,HAWAII,A.) 1-4 MW,A.) 1.0-1.99 MW,E.) 131-140 METERS,A.) <81 METERS,GEARED,NOMINAL,BALANCE OF PLANT,TURBINE ERECTION,747097.44944
12,2024Q2,UNITED STATES,HAWAII,A.) 1-4 MW,A.) 1.0-1.99 MW,E.) 131-140 METERS,A.) <81 METERS,GEARED,NOMINAL,BALANCE OF PLANT,TURBINE ERECTION,752512.70849
12,2024Q3,UNITED STATES,HAWAII,A.) 1-4 MW,A.) 1.0-1.99 MW,E.) 131-140 METERS,A.) <81 METERS,GEARED,NOMINAL,BALANCE OF PLANT,TURBINE ERECTION,756404.55856
12,2024Y,UNITED STATES,HAWAII,A.) 1-4 MW,A.) 1.0-1.99 MW,E.) 131-140 METERS,A.) <81 METERS,GEARED,NOMINAL,BALANCE OF PLANT,TURBINE ERECTION,757328.5878399999
12,2025Y,UNITED STATES,HAWAII,A.) 1-4 MW,A.) 1.0-1.99 MW,E.) 131-140 METERS,A.) <81 METERS,GEARED,NOMINAL,BALANCE OF PLANT,TURBINE ERECTION,769719.23416
12,2026Y,UNITED STATES,HAWAII,A.) 1-4 MW,A.) 1.0-1.99 MW,E.) 131-140 METERS,A.) <81 METERS,GEARED,NOMINAL,BALANCE OF PLANT,TURBINE ERECTION,785184.05387
12,2027Y,UNITED STATES,HAWAII,A.) 1-4 MW,A.) 1.0-1.99 MW,E.) 131-140 METERS,A.) <81 METERS,GEARED,NOMINAL,BALANCE OF PLANT,TURBINE ERECTION,808077.24621
12,2028Y,UNITED STATES,HAWAII,A.) 1-4 MW,A.) 1.0-1.99 MW,E.) 131-140 METERS,A.) <81 METERS,GEARED,NOMINAL,BALANCE OF PLANT,TURBINE ERECTION,834578.27307
13,2023Q4,UNITED STATES,HAWAII,A.) 1-4 MW,A.) 1.0-1.99 MW,D.) 121-130 METERS,F.) 121+ METERS,GEARED,NOMINAL,BALANCE OF PLANT,TURBINE ERECTION,742711.88452
13,2024Q1,UNITED STATES,HAWAII,A.) 1-4 MW,A.) 1.0-1.99 MW,D.) 121-130 METERS,F.) 121+ METERS,GEARED,NOMINAL,BALANCE OF PLANT,TURBINE ERECTION,747097.44944
13,2024Q2,UNITED STATES,HAWAII,A.) 1-4 MW,A.) 1.0-1.99 MW,D.) 121-130 METERS,F.) 121+ METERS,GEARED,NOMINAL,BALANCE OF PLANT,TURBINE ERECTION,752512.70849
13,2024Q3,UNITED STATES,HAWAII,A.) 1-4 MW,A.) 1.0-1.99 MW,D.) 121-130 METERS,F.) 121+ METERS,GEARED,NOMINAL,BALANCE OF PLANT,TURBINE ERECTION,756404.55856
13,2024Y,UNITED STATES,HAWAII,A.) 1-4 MW,A.) 1.0-1.99 MW,D.) 121-130 METERS,F.) 121+ METERS,GEARED,NOMINAL,BALANCE OF PLANT,TURBINE ERECTION,757328.5878399999
13,2025Y,UNITED STATES,HAWAII,A.) 1-4 MW,A.) 1.0-1.99 MW,D.) 121-130 METERS,F.) 121+ METERS,GEARED,NOMINAL,BALANCE OF PLANT,TURBINE ERECTION,769719.23416
13,2026Y,UNITED STATES,HAWAII,A.) 1-4 MW,A.) 1.0-1.99 MW,D.) 121-130 METERS,F.) 121+ METERS,GEARED,NOMINAL,BALANCE OF PLANT,TURBINE ERECTION,785184.05387
13,2027Y,UNITED STATES,HAWAII,A.) 1-4 MW,A.) 1.0-1.99 MW,D.) 121-130 METERS,F.) 121+ METERS,GEARED,NOMINAL,BALANCE OF PLANT,TURBINE ERECTION,808077.24621
13,2028Y,UNITED STATES,HAWAII,A.) 1-4 MW,A.) 1.0-1.99 MW,D.) 121-130 METERS,F.) 121+ METERS,GEARED,NOMINAL,BALANCE OF PLANT,TURBINE ERECTION,834578.27307
14,2023Q4,UNITED STATES,HAWAII,A.) 1-4 MW,A.) 1.0-1.99 MW,D.) 121-130 METERS,E.) 111-120 METERS,GEARED,NOMINAL,BALANCE OF PLANT,TURBINE ERECTION,742711.88452
14,2024Q1,UNITED STATES,HAWAII,A.) 1-4 MW,A.) 1.0-1.99 MW,D.) 121-130 METERS,E.) 111-120 METERS,GEARED,NOMINAL,BALANCE OF PLANT,TURBINE ERECTION,747097.44944
14,2024Q2,UNITED STATES,HAWAII,A.) 1-4 MW,A.) 1.0-1.99 MW,D.) 121-130 METERS,E.) 111-120 METERS,GEARED,NOMINAL,BALANCE OF PLANT,TURBINE ERECTION,752512.70849
14,2024Q3,UNITED STATES,HAWAII,A.) 1-4 MW,A.) 1.0-1.99 MW,D.) 121-130 METERS,E.) 111-120 METERS,GEARED,NOMINAL,BALANCE OF PLANT,TURBINE ERECTION,756404.55856
14,2024Y,UNITED STATES,HAWAII,A.) 1-4 MW,A.) 1.0-1.99 MW,D.) 121-130 METERS,E.) 111-120 METERS,GEARED,NOMINAL,BALANCE OF PLANT,TURBINE ERECTION,757328.5878399999
14,2025Y,UNITED STATES,HAWAII,A.) 1-4 MW,A.) 1.0-1.99 MW,D.) 121-130 METERS,E.) 111-120 METERS,GEARED,NOMINAL,BALANCE OF PLANT,TURBINE ERECTION,769719.23416
14,2026Y,UNITED STATES,HAWAII,A.) 1-4 MW,A.) 1.0-1.99 MW,D.) 121-130 METERS,E.) 111-120 METERS,GEARED,NOMINAL,BALANCE OF PLANT,TURBINE ERECTION,785184.05387
14,2027Y,UNITED STATES,HAWAII,A.) 1-4 MW,A.) 1.0-1.99 MW,D.) 121-130 METERS,E.) 111-120 METERS,GEARED,NOMINAL,BALANCE OF PLANT,TURBINE ERECTION,808077.24621
14,2028Y,UNITED STATES,HAWAII,A.) 1-4 MW,A.) 1.0-1.99 MW,D.) 121-130 METERS,E.) 111-120 METERS,GEARED,NOMINAL,BALANCE OF PLANT,TURBINE ERECTION,834578.27307
15,2023Q4,UNITED STATES,HAWAII,A.) 1-4 MW,A.) 1.0-1.99 MW,D.) 121-130 METERS,D.) 101-110 METERS,GEARED,NOMINAL,BALANCE OF PLANT,TURBINE ERECTION,742711.88452
15,2024Q1,UNITED STATES,HAWAII,A.) 1-4 MW,A.) 1.0-1.99 MW,D.) 121-130 METERS,D.) 101-110 METERS,GEARED,NOMINAL,BALANCE OF PLANT,TURBINE ERECTION,747097.44944
15,2024Q2,UNITED STATES,HAWAII,A.) 1-4 MW,A.) 1.0-1.99 MW,D.) 121-130 METERS,D.) 101-110 METERS,GEARED,NOMINAL,BALANCE OF PLANT,TURBINE ERECTION,752512.70849
15,2024Q3,UNITED STATES,HAWAII,A.) 1-4 MW,A.) 1.0-1.99 MW,D.) 121-130 METERS,D.) 101-110 METERS,GEARED,NOMINAL,BALANCE OF PLANT,TURBINE ERECTION,756404.55856
15,2024Y,UNITED STATES,HAWAII,A.) 1-4 MW,A.) 1.0-1.99 MW,D.) 121-130 METERS,D.) 101-110 METERS,GEARED,NOMINAL,BALANCE OF PLANT,TURBINE ERECTION,757328.5878399999
15,2025Y,UNITED STATES,HAWAII,A.) 1-4 MW,A.) 1.0-1.99 MW,D.) 121-130 METERS,D.) 101-110 METERS,GEARED,NOMINAL,BALANCE OF PLANT,TURBINE ERECTION,769719.23416
15,2026Y,UNITED STATES,HAWAII,A.) 1-4 MW,A.) 1.0-1.99 MW,D.) 121-130 METERS,D.) 101-110 METERS,GEARED,NOMINAL,BALANCE OF PLANT,TURBINE ERECTION,785184.05387
15,2027Y,UNITED STATES,HAWAII,A.) 1-4 MW,A.) 1.0-1.99 MW,D.) 121-130 METERS,D.) 101-110 METERS,GEARED,NOMINAL,BALANCE OF PLANT,TURBINE ERECTION,808077.24621
15,2028Y,UNITED STATES,HAWAII,A.) 1-4 MW,A.) 1.0-1.99 MW,D.) 121-130 METERS,D.) 101-110 METERS,GEARED,NOMINAL,BALANCE OF PLANT,TURBINE ERECTION,834578.27307
16,2023Q4,UNITED STATES,HAWAII,A.) 1-4 MW,A.) 1.0-1.99 MW,D.) 121-130 METERS,C.) 90-100 METERS,GEARED,NOMINAL,BALANCE OF PLANT,TURBINE ERECTION,742711.88452
16,2024Q1,UNITED STATES,HAWAII,A.) 1-4 MW,A.) 1.0-1.99 MW,D.) 121-130 METERS,C.) 90-100 METERS,GEARED,NOMINAL,BALANCE OF PLANT,TURBINE ERECTION,747097.44944
16,2024Q2,UNITED STATES,HAWAII,A.) 1-4 MW,A.) 1.0-1.99 MW,D.) 121-130 METERS,C.) 90-100 METERS,GEARED,NOMINAL,BALANCE OF PLANT,TURBINE ERECTION,752512.70849
16,2024Q3,UNITED STATES,HAWAII,A.) 1-4 MW,A.) 1.0-1.99 MW,D.) 121-130 METERS,C.) 90-100 METERS,GEARED,NOMINAL,BALANCE OF PLANT,TURBINE ERECTION,756404.55856
16,2024Y,UNITED STATES,HAWAII,A.) 1-4 MW,A.) 1.0-1.99 MW,D.) 121-130 METERS,C.) 90-100 METERS,GEARED,NOMINAL,BALANCE OF PLANT,TURBINE ERECTION,757328.5878399999
16,2025Y,UNITED STATES,HAWAII,A.) 1-4 MW,A.) 1.0-1.99 MW,D.) 121-130 METERS,C.) 90-100 METERS,GEARED,NOMINAL,BALANCE OF PLANT,TURBINE ERECTION,769719.23416
16,2026Y,UNITED STATES,HAWAII,A.) 1-4 MW,A.) 1.0-1.99 MW,D.) 121-130 METERS,C.) 90-100 METERS,GEARED,NOMINAL,BALANCE OF PLANT,TURBINE ERECTION,785184.05387
16,2027Y,UNITED STATES,HAWAII,A.) 1-4 MW,A.) 1.0-1.99 MW,D.) 121-130 METERS,C.) 90-100 METERS,GEARED,NOMINAL,BALANCE OF PLANT,TURBINE ERECTION,808077.24621
16,2028Y,UNITED STATES,HAWAII,A.) 1-4 MW,A.) 1.0-1.99 MW,D.) 121-130 METERS,C.) 90-100 METERS,GEARED,NOMINAL,BALANCE OF PLANT,TURBINE ERECTION,834578.27307
17,2023Q4,UNITED STATES,HAWAII,A.) 1-4 MW,A.) 1.0-1.99 MW,D.) 121-130 METERS,B.) 81-90 METERS,GEARED,NOMINAL,BALANCE OF PLANT,TURBINE ERECTION,742711.88452
17,2024Q1,UNITED STATES,HAWAII,A.) 1-4 MW,A.) 1.0-1.99 MW,D.) 121-130 METERS,B.) 81-90 METERS,GEARED,NOMINAL,BALANCE OF PLANT,TURBINE ERECTION,747097.44944
17,2024Q2,UNITED STATES,HAWAII,A.) 1-4 MW,A.) 1.0-1.99 MW,D.) 121-130 METERS,B.) 81-90 METERS,GEARED,NOMINAL,BALANCE OF PLANT,TURBINE ERECTION,752512.70849
17,2024Q3,UNITED STATES,HAWAII,A.) 1-4 MW,A.) 1.0-1.99 MW,D.) 121-130 METERS,B.) 81-90 METERS,GEARED,NOMINAL,BALANCE OF PLANT,TURBINE ERECTION,756404.55856
17,2024Y,UNITED STATES,HAWAII,A.) 1-4 MW,A.) 1.0-1.99 MW,D.) 121-130 METERS,B.) 81-90 METERS,GEARED,NOMINAL,BALANCE OF PLANT,TURBINE ERECTION,757328.5878399999
17,2025Y,UNITED STATES,HAWAII,A.) 1-4 MW,A.) 1.0-1.99 MW,D.) 121-130 METERS,B.) 81-90 METERS,GEARED,NOMINAL,BALANCE OF PLANT,TURBINE ERECTION,769719.23416
17,2026Y,UNITED STATES,HAWAII,A.) 1-4 MW,A.) 1.0-1.99 MW,D.) 121-130 METERS,B.) 81-90 METERS,GEARED,NOMINAL,BALANCE OF PLANT,TURBINE ERECTION,785184.05387
17,2027Y,UNITED STATES,HAWAII,A.) 1-4 MW,A.) 1.0-1.99 MW,D.) 121-130 METERS,B.) 81-90 METERS,GEARED,NOMINAL,BALANCE OF PLANT,TURBINE ERECTION,808077.24621
17,2028Y,UNITED STATES,HAWAII,A.) 1-4 MW,A.) 1.0-1.99 MW,D.) 121-130 METERS,B.) 81-90 METERS,GEARED,NOMINAL,BALANCE OF PLANT,TURBINE ERECTION,834578.27307
18,2023Q4,UNITED STATES,HAWAII,A.) 1-4 MW,A.) 1.0-1.99 MW,D.) 121-130 METERS,A.) <81 METERS,GEARED,NOMINAL,BALANCE OF PLANT,TURBINE ERECTION,742711.88452
18,2024Q1,UNITED STATES,HAWAII,A.) 1-4 MW,A.) 1.0-1.99 MW,D.) 121-130 METERS,A.) <81 METERS,GEARED,NOMINAL,BALANCE OF PLANT,TURBINE ERECTION,747097.44944
18,2024Q2,UNITED STATES,HAWAII,A.) 1-4 MW,A.) 1.0-1.99 MW,D.) 121-130 METERS,A.) <81 METERS,GEARED,NOMINAL,BALANCE OF PLANT,TURBINE ERECTION,752512.70849
18,2024Q3,UNITED STATES,HAWAII,A.) 1-4 MW,A.) 1.0-1.99 MW,D.) 121-130 METERS,A.) <81 METERS,GEARED,NOMINAL,BALANCE OF PLANT,TURBINE ERECTION,756404.55856
18,2024Y,UNITED STATES,HAWAII,A.) 1-4 MW,A.) 1.0-1.99 MW,D.) 121-130 METERS,A.) <81 METERS,GEARED,NOMINAL,BALANCE OF PLANT,TURBINE ERECTION,757328.5878399999
18,2025Y,UNITED STATES,HAWAII,A.) 1-4 MW,A.) 1.0-1.99 MW,D.) 121-130 METERS,A.) <81 METERS,GEARED,NOMINAL,BALANCE OF PLANT,TURBINE ERECTION,769719.23416
18,2026Y,UNITED STATES,HAWAII,A.) 1-4 MW,A.) 1.0-1.99 MW,D.) 121-130 METERS,A.) <81 METERS,GEARED,NOMINAL,BALANCE OF PLANT,TURBINE ERECTION,785184.05387
18,2027Y,UNITED STATES,HAWAII,A.) 1-4 MW,A.) 1.0-1.99 MW,D.) 121-130 METERS,A.) <81 METERS,GEARED,NOMINAL,BALANCE OF PLANT,TURBINE ERECTION,808077.24621
18,2028Y,UNITED STATES,HAWAII,A.) 1-4 MW,A.) 1.0-1.99 MW,D.) 121-130 METERS,A.) <81 METERS,GEARED,NOMINAL,BALANCE OF PLANT,TURBINE ERECTION,834578.27307
19,2023Q4,UNITED STATES,HAWAII,A.) 1-4 MW,A.) 1.0-1.99 MW,C.) 111-120 METERS,F.) 121+ METERS,GEARED,NOMINAL,BALANCE OF PLANT,TURBINE ERECTION,742711.88452
19,2024Q1,UNITED STATES,HAWAII,A.) 1-4 MW,A.) 1.0-1.99 MW,C.) 111-120 METERS,F.) 121+ METERS,GEARED,NOMINAL,BALANCE OF PLANT,TURBINE ERECTION,747097.44944
19,2024Q2,UNITED STATES,HAWAII,A.) 1-4 MW,A.) 1.0-1.99 MW,C.) 111-120 METERS,F.) 121+ METERS,GEARED,NOMINAL,BALANCE OF PLANT,TURBINE ERECTION,752512.70849
19,2024Q3,UNITED STATES,HAWAII,A.) 1-4 MW,A.) 1.0-1.99 MW,C.) 111-120 METERS,F.) 121+ METERS,GEARED,NOMINAL,BALANCE OF PLANT,TURBINE ERECTION,756404.55856
19,2024Y,UNITED STATES,HAWAII,A.) 1-4 MW,A.) 1.0-1.99 MW,C.) 111-120 METERS,F.) 121+ METERS,GEARED,NOMINAL,BALANCE OF PLANT,TURBINE ERECTION,757328.5878399999
19,2025Y,UNITED STATES,HAWAII,A.) 1-4 MW,A.) 1.0-1.99 MW,C.) 111-120 METERS,F.) 121+ METERS,GEARED,NOMINAL,BALANCE OF PLANT,TURBINE ERECTION,769719.23416
19,2026Y,UNITED STATES,HAWAII,A.) 1-4 MW,A.) 1.0-1.99 MW,C.) 111-120 METERS,F.) 121+ METERS,GEARED,NOMINAL,BALANCE OF PLANT,TURBINE ERECTION,785184.05387
19,2027Y,UNITED STATES,HAWAII,A.) 1-4 MW,A.) 1.0-1.99 MW,C.) 111-120 METERS,F.) 121+ METERS,GEARED,NOMINAL,BALANCE OF PLANT,TURBINE ERECTION,808077.24621
19,2028Y,UNITED STATES,HAWAII,A.) 1-4 MW,A.) 1.0-1.99 MW,C.) 111-120 METERS,F.) 121+ METERS,GEARED,NOMINAL,BALANCE OF PLANT,TURBINE ERECTION,834578.27307
20,2023Q4,UNITED STATES,HAWAII,A.) 1-4 MW,A.) 1.0-1.99 MW,C.) 111-120 METERS,E.) 111-120 METERS,GEARED,NOMINAL,BALANCE OF PLANT,TURBINE ERECTION,742711.88452
20,2024Q1,UNITED STATES,HAWAII,A.) 1-4 MW,A.) 1.0-1.99 MW,C.) 111-120 METERS,E.) 111-120 METERS,GEARED,NOMINAL,BALANCE OF PLANT,TURBINE ERECTION,747097.44944
20,2024Q2,UNITED STATES,HAWAII,A.) 1-4 MW,A.) 1.0-1.99 MW,C.) 111-120 METERS,E.) 111-120 METERS,GEARED,NOMINAL,BALANCE OF PLANT,TURBINE ERECTION,752512.70849
20,2024Q3,UNITED STATES,HAWAII,A.) 1-4 MW,A.) 1.0-1.99 MW,C.) 111-120 METERS,E.) 111-120 METERS,GEARED,NOMINAL,BALANCE OF PLANT,TURBINE ERECTION,756404.55856
20,2024Y,UNITED STATES,HAWAII,A.) 1-4 MW,A.) 1.0-1.99 MW,C.) 111-120 METERS,E.) 111-120 METERS,GEARED,NOMINAL,BALANCE OF PLANT,TURBINE ERECTION,757328.5878399999
20,2025Y,UNITED STATES,HAWAII,A.) 1-4 MW,A.) 1.0-1.99 MW,C.) 111-120 METERS,E.) 111-120 METERS,GEARED,NOMINAL,BALANCE OF PLANT,TURBINE ERECTION,769719.23416
20,2026Y,UNITED STATES,HAWAII,A.) 1-4 MW,A.) 1.0-1.99 MW,C.) 111-120 METERS,E.) 111-120 METERS,GEARED,NOMINAL,BALANCE OF PLANT,TURBINE ERECTION,785184.05387
20,2027Y,UNITED STATES,HAWAII,A.) 1-4 MW,A.) 1.0-1.99 MW,C.) 111-120 METERS,E.) 111-120 METERS,GEARED,NOMINAL,BALANCE OF PLANT,TURBINE ERECTION,808077.24621
20,2028Y,UNITED STATES,HAWAII,A.) 1-4 MW,A.) 1.0-1.99 MW,C.) 111-120 METERS,E.) 111-120 METERS,GEARED,NOMINAL,BALANCE OF PLANT,TURBINE ERECTION,834578.27307
21,2023Q4,UNITED STATES,HAWAII,A.) 1-4 MW,A.) 1.0-1.99 MW,C.) 111-120 METERS,D.) 101-110 METERS,GEARED,NOMINAL,BALANCE OF PLANT,TURBINE ERECTION,742711.88452
21,2024Q1,UNITED STATES,HAWAII,A.) 1-4 MW,A.) 1.0-1.99 MW,C.) 111-120 METERS,D.) 101-110 METERS,GEARED,NOMINAL,BALANCE OF PLANT,TURBINE ERECTION,747097.44944
21,2024Q2,UNITED STATES,HAWAII,A.) 1-4 MW,A.) 1.0-1.99 MW,C.) 111-120 METERS,D.) 101-110 METERS,GEARED,NOMINAL,BALANCE OF PLANT,TURBINE ERECTION,752512.70849
21,2024Q3,UNITED STATES,HAWAII,A.) 1-4 MW,A.) 1.0-1.99 MW,C.) 111-120 METERS,D.) 101-110 METERS,GEARED,NOMINAL,BALANCE OF PLANT,TURBINE ERECTION,756404.55856
21,2024Y,UNITED STATES,HAWAII,A.) 1-4 MW,A.) 1.0-1.99 MW,C.) 111-120 METERS,D.) 101-110 METERS,GEARED,NOMINAL,BALANCE OF PLANT,TURBINE ERECTION,757328.5878399999
21,2025Y,UNITED STATES,HAWAII,A.) 1-4 MW,A.) 1.0-1.99 MW,C.) 111-120 METERS,D.) 101-110 METERS,GEARED,NOMINAL,BALANCE OF PLANT,TURBINE ERECTION,769719.23416
21,2026Y,UNITED STATES,HAWAII,A.) 1-4 MW,A.) 1.0-1.99 MW,C.) 111-120 METERS,D.) 101-110 METERS,GEARED,NOMINAL,BALANCE OF PLANT,TURBINE ERECTION,785184.05387
21,2027Y,UNITED STATES,HAWAII,A.) 1-4 MW,A.) 1.0-1.99 MW,C.) 111-120 METERS,D.) 101-110 METERS,GEARED,NOMINAL,BALANCE OF PLANT,TURBINE ERECTION,808077.24621
21,2028Y,UNITED STATES,HAWAII,A.) 1-4 MW,A.) 1.0-1.99 MW,C.) 111-120 METERS,D.) 101-110 METERS,GEARED,NOMINAL,BALANCE OF PLANT,TURBINE ERECTION,834578.27307
22,2023Q4,UNITED STATES,HAWAII,A.) 1-4 MW,A.) 1.0-1.99 MW,C.) 111-120 METERS,C.) 90-100 METERS,GEARED,NOMINAL,BALANCE OF PLANT,TURBINE ERECTION,742711.88452
22,2024Q1,UNITED STATES,HAWAII,A.) 1-4 MW,A.) 1.0-1.99 MW,C.) 111-120 METERS,C.) 90-100 METERS,GEARED,NOMINAL,BALANCE OF PLANT,TURBINE ERECTION,747097.44944
22,2024Q2,UNITED STATES,HAWAII,A.) 1-4 MW,A.) 1.0-1.99 MW,C.) 111-120 METERS,C.) 90-100 METERS,GEARED,NOMINAL,BALANCE OF PLANT,TURBINE ERECTION,752512.70849
22,2024Q3,UNITED STATES,HAWAII,A.) 1-4 MW,A.) 1.0-1.99 MW,C.) 111-120 METERS,C.) 90-100 METERS,GEARED,NOMINAL,BALANCE OF PLANT,TURBINE ERECTION,756404.55856
22,2024Y,UNITED STATES,HAWAII,A.) 1-4 MW,A.) 1.0-1.99 MW,C.) 111-120 METERS,C.) 90-100 METERS,GEARED,NOMINAL,BALANCE OF PLANT,TURBINE ERECTION,757328.5878399999
22,2025Y,UNITED STATES,HAWAII,A.) 1-4 MW,A.) 1.0-1.99 MW,C.) 111-120 METERS,C.) 90-100 METERS,GEARED,NOMINAL,BALANCE OF PLANT,TURBINE ERECTION,769719.23416
22,2026Y,UNITED STATES,HAWAII,A.) 1-4 MW,A.) 1.0-1.99 MW,C.) 111-120 METERS,C.) 90-100 METERS,GEARED,NOMINAL,BALANCE OF PLANT,TURBINE ERECTION,785184.05387
22,2027Y,UNITED STATES,HAWAII,A.) 1-4 MW,A.) 1.0-1.99 MW,C.) 111-120 METERS,C.) 90-100 METERS,GEARED,NOMINAL,BALANCE OF PLANT,TURBINE ERECTION,808077.24621
22,2028Y,UNITED STATES,HAWAII,A.) 1-4 MW,A.) 1.0-1.99 MW,C.) 111-120 METERS,C.) 90-100 METERS,GEARED,NOMINAL,BALANCE OF PLANT,TURBINE ERECTION,834578.27307
23,2023Q4,UNITED STATES,HAWAII,A.) 1-4 MW,A.) 1.0-1.99 MW,C.) 111-120 METERS,B.) 81-90 METERS,GEARED,NOMINAL,BALANCE OF PLANT,TURBINE ERECTION,742711.88452
23,2024Q1,UNITED STATES,HAWAII,A.) 1-4 MW,A.) 1.0-1.99 MW,C.) 111-120 METERS,B.) 81-90 METERS,GEARED,NOMINAL,BALANCE OF PLANT,TURBINE ERECTION,747097.44944
23,2024Q2,UNITED STATES,HAWAII,A.) 1-4 MW,A.) 1.0-1.99 MW,C.) 111-120 METERS,B.) 81-90 METERS,GEARED,NOMINAL,BALANCE OF PLANT,TURBINE ERECTION,752512.70849
23,2024Q3,UNITED STATES,HAWAII,A.) 1-4 MW,A.) 1.0-1.99 MW,C.) 111-120 METERS,B.) 81-90 METERS,GEARED,NOMINAL,BALANCE OF PLANT,TURBINE ERECTION,756404.55856
23,2024Y,UNITED STATES,HAWAII,A.) 1-4 MW,A.) 1.0-1.99 MW,C.) 111-120 METERS,B.) 81-90 METERS,GEARED,NOMINAL,BALANCE OF PLANT,TURBINE ERECTION,757328.5878399999
23,2025Y,UNITED STATES,HAWAII,A.) 1-4 MW,A.) 1.0-1.99 MW,C.) 111-120 METERS,B.) 81-90 METERS,GEARED,NOMINAL,BALANCE OF PLANT,TURBINE ERECTION,769719.23416
23,2026Y,UNITED STATES,HAWAII,A.) 1-4 MW,A.) 1.0-1.99 MW,C.) 111-120 METERS,B.) 81-90 METERS,GEARED,NOMINAL,BALANCE OF PLANT,TURBINE ERECTION,785184.05387
23,2027Y,UNITED STATES,HAWAII,A.) 1-4 MW,A.) 1.0-1.99 MW,C.) 111-120 METERS,B.) 81-90 METERS,GEARED,NOMINAL,BALANCE OF PLANT,TURBINE ERECTION,808077.24621
23,2028Y,UNITED STATES,HAWAII,A.) 1-4 MW,A.) 1.0-1.99 MW,C.) 111-120 METERS,B.) 81-90 METERS,GEARED,NOMINAL,BALANCE OF PLANT,TURBINE ERECTION,834578.27307
24,2023Q4,UNITED STATES,HAWAII,A.) 1-4 MW,A.) 1.0-1.99 MW,C.) 111-120 METERS,A.) <81 METERS,GEARED,NOMINAL,BALANCE OF PLANT,TURBINE ERECTION,742711.88452
24,2024Q1,UNITED STATES,HAWAII,A.) 1-4 MW,A.) 1.0-1.99 MW,C.) 111-120 METERS,A.) <81 METERS,GEARED,NOMINAL,BALANCE OF PLANT,TURBINE ERECTION,747097.44944
24,2024Q2,UNITED STATES,HAWAII,A.) 1-4 MW,A.) 1.0-1.99 MW,C.) 111-120 METERS,A.) <81 METERS,GEARED,NOMINAL,BALANCE OF PLANT,TURBINE ERECTION,752512.70849
24,2024Q3,UNITED STATES,HAWAII,A.) 1-4 MW,A.) 1.0-1.99 MW,C.) 111-120 METERS,A.) <81 METERS,GEARED,NOMINAL,BALANCE OF PLANT,TURBINE ERECTION,756404.55856
24,2024Y,UNITED STATES,HAWAII,A.) 1-4 MW,A.) 1.0-1.99 MW,C.) 111-120 METERS,A.) <81 METERS,GEARED,NOMINAL,BALANCE OF PLANT,TURBINE ERECTION,757328.5878399999
24,2025Y,UNITED STATES,HAWAII,A.) 1-4 MW,A.) 1.0-1.99 MW,C.) 111-120 METERS,A.) <81 METERS,GEARED,NOMINAL,BALANCE OF PLANT,TURBINE ERECTION,769719.23416
24,2026Y,UNITED STATES,HAWAII,A.) 1-4 MW,A.) 1.0-1.99 MW,C.) 111-120 METERS,A.) <81 METERS,GEARED,NOMINAL,BALANCE OF PLANT,TURBINE ERECTION,785184.05387
24,2027Y,UNITED STATES,HAWAII,A.) 1-4 MW,A.) 1.0-1.99 MW,C.) 111-120 METERS,A.) <81 METERS,GEARED,NOMINAL,BALANCE OF PLANT,TURBINE ERECTION,808077.24621
24,2028Y,UNITED STATES,HAWAII,A.) 1-4 MW,A.) 1.0-1.99 MW,C.) 111-120 METERS,A.) <81 METERS,GEARED,NOMINAL,BALANCE OF PLANT,TURBINE ERECTION,834578.27307
25,2023Q4,UNITED STATES,HAWAII,A.) 1-4 MW,A.) 1.0-1.99 MW,B.) 101-111 METERS,F.) 121+ METERS,GEARED,NOMINAL,BALANCE OF PLANT,TURBINE ERECTION,742711.88452
25,2024Q1,UNITED STATES,HAWAII,A.) 1-4 MW,A.) 1.0-1.99 MW,B.) 101-111 METERS,F.) 121+ METERS,GEARED,NOMINAL,BALANCE OF PLANT,TURBINE ERECTION,747097.44944
25,2024Q2,UNITED STATES,HAWAII,A.) 1-4 MW,A.) 1.0-1.99 MW,B.) 101-111 METERS,F.) 121+ METERS,GEARED,NOMINAL,BALANCE OF PLANT,TURBINE ERECTION,752512.70849
25,2024Q3,UNITED STATES,HAWAII,A.) 1-4 MW,A.) 1.0-1.99 MW,B.) 101-111 METERS,F.) 121+ METERS,GEARED,NOMINAL,BALANCE OF PLANT,TURBINE ERECTION,756404.55856
25,2024Y,UNITED STATES,HAWAII,A.) 1-4 MW,A.) 1.0-1.99 MW,B.) 101-111 METERS,F.) 121+ METERS,GEARED,NOMINAL,BALANCE OF PLANT,TURBINE ERECTION,757328.5878399999
25,2025Y,UNITED STATES,HAWAII,A.) 1-4 MW,A.) 1.0-1.99 MW,B.) 101-111 METERS,F.) 121+ METERS,GEARED,NOMINAL,BALANCE OF PLANT,TURBINE ERECTION,769719.23416
25,2026Y,UNITED STATES,HAWAII,A.) 1-4 MW,A.) 1.0-1.99 MW,B.) 101-111 METERS,F.) 121+ METERS,GEARED,NOMINAL,BALANCE OF PLANT,TURBINE ERECTION,785184.05387
25,2027Y,UNITED STATES,HAWAII,A.) 1-4 MW,A.) 1.0-1.99 MW,B.) 101-111 METERS,F.) 121+ METERS,GEARED,NOMINAL,BALANCE OF PLANT,TURBINE ERECTION,808077.24621
25,2028Y,UNITED STATES,HAWAII,A.) 1-4 MW,A.) 1.0-1.99 MW,B.) 101-111 METERS,F.) 121+ METERS,GEARED,NOMINAL,BALANCE OF PLANT,TURBINE ERECTION,834578.27307
26,2023Q4,UNITED STATES,HAWAII,A.) 1-4 MW,A.) 1.0-1.99 MW,B.) 101-111 METERS,E.) 111-120 METERS,GEARED,NOMINAL,BALANCE OF PLANT,TURBINE ERECTION,742711.88452
26,2024Q1,UNITED STATES,HAWAII,A.) 1-4 MW,A.) 1.0-1.99 MW,B.) 101-111 METERS,E.) 111-120 METERS,GEARED,NOMINAL,BALANCE OF PLANT,TURBINE ERECTION,747097.44944
26,2024Q2,UNITED STATES,HAWAII,A.) 1-4 MW,A.) 1.0-1.99 MW,B.) 101-111 METERS,E.) 111-120 METERS,GEARED,NOMINAL,BALANCE OF PLANT,TURBINE ERECTION,752512.70849
26,2024Q3,UNITED STATES,HAWAII,A.) 1-4 MW,A.) 1.0-1.99 MW,B.) 101-111 METERS,E.) 111-120 METERS,GEARED,NOMINAL,BALANCE OF PLANT,TURBINE ERECTION,756404.55856
26,2024Y,UNITED STATES,HAWAII,A.) 1-4 MW,A.) 1.0-1.99 MW,B.) 101-111 METERS,E.) 111-120 METERS,GEARED,NOMINAL,BALANCE OF PLANT,TURBINE ERECTION,757328.5878399999
26,2025Y,UNITED STATES,HAWAII,A.) 1-4 MW,A.) 1.0-1.99 MW,B.) 101-111 METERS,E.) 111-120 METERS,GEARED,NOMINAL,BALANCE OF PLANT,TURBINE ERECTION,769719.23416
26,2026Y,UNITED STATES,HAWAII,A.) 1-4 MW,A.) 1.0-1.99 MW,B.) 101-111 METERS,E.) 111-120 METERS,GEARED,NOMINAL,BALANCE OF PLANT,TURBINE ERECTION,785184.05387
26,2027Y,UNITED STATES,HAWAII,A.) 1-4 MW,A.) 1.0-1.99 MW,B.) 101-111 METERS,E.) 111-120 METERS,GEARED,NOMINAL,BALANCE OF PLANT,TURBINE ERECTION,808077.24621
26,2028Y,UNITED STATES,HAWAII,A.) 1-4 MW,A.) 1.0-1.99 MW,B.) 101-111 METERS,E.) 111-120 METERS,GEARED,NOMINAL,BALANCE OF PLANT,TURBINE ERECTION,834578.27307
27,2023Q4,UNITED STATES,HAWAII,A.) 1-4 MW,A.) 1.0-1.99 MW,B.) 101-111 METERS,D.) 101-110 METERS,GEARED,NOMINAL,BALANCE OF PLANT,TURBINE ERECTION,742711.88452
27,2024Q1,UNITED STATES,HAWAII,A.) 1-4 MW,A.) 1.0-1.99 MW,B.) 101-111 METERS,D.) 101-110 METERS,GEARED,NOMINAL,BALANCE OF PLANT,TURBINE ERECTION,747097.44944
27,2024Q2,UNITED STATES,HAWAII,A.) 1-4 MW,A.) 1.0-1.99 MW,B.) 101-111 METERS,D.) 101-110 METERS,GEARED,NOMINAL,BALANCE OF PLANT,TURBINE ERECTION,752512.70849
27,2024Q3,UNITED STATES,HAWAII,A.) 1-4 MW,A.) 1.0-1.99 MW,B.) 101-111 METERS,D.) 101-110 METERS,GEARED,NOMINAL,BALANCE OF PLANT,TURBINE ERECTION,756404.55856
27,2024Y,UNITED STATES,HAWAII,A.) 1-4 MW,A.) 1.0-1.99 MW,B.) 101-111 METERS,D.) 101-110 METERS,GEARED,NOMINAL,BALANCE OF PLANT,TURBINE ERECTION,757328.5878399999
27,2025Y,UNITED STATES,HAWAII,A.) 1-4 MW,A.) 1.0-1.99 MW,B.) 101-111 METERS,D.) 101-110 METERS,GEARED,NOMINAL,BALANCE OF PLANT,TURBINE ERECTION,769719.23416
27,2026Y,UNITED STATES,HAWAII,A.) 1-4 MW,A.) 1.0-1.99 MW,B.) 101-111 METERS,D.) 101-110 METERS,GEARED,NOMINAL,BALANCE OF PLANT,TURBINE ERECTION,785184.05387
27,2027Y,UNITED STATES,HAWAII,A.) 1-4 MW,A.) 1.0-1.99 MW,B.) 101-111 METERS,D.) 101-110 METERS,GEARED,NOMINAL,BALANCE OF PLANT,TURBINE ERECTION,808077.24621
27,2028Y,UNITED STATES,HAWAII,A.) 1-4 MW,A.) 1.0-1.99 MW,B.) 101-111 METERS,D.) 101-110 METERS,GEARED,NOMINAL,BALANCE OF PLANT,TURBINE ERECTION,834578.27307
28,2023Q4,UNITED STATES,HAWAII,A.) 1-4 MW,A.) 1.0-1.99 MW,B.) 101-111 METERS,C.) 90-100 METERS,GEARED,NOMINAL,BALANCE OF PLANT,TURBINE ERECTION,742711.88452
28,2024Q1,UNITED STATES,HAWAII,A.) 1-4 MW,A.) 1.0-1.99 MW,B.) 101-111 METERS,C.) 90-100 METERS,GEARED,NOMINAL,BALANCE OF PLANT,TURBINE ERECTION,747097.44944
28,2024Q2,UNITED STATES,HAWAII,A.) 1-4 MW,A.) 1.0-1.99 MW,B.) 101-111 METERS,C.) 90-100 METERS,GEARED,NOMINAL,BALANCE OF PLANT,TURBINE ERECTION,752512.70849
28,2024Q3,UNITED STATES,HAWAII,A.) 1-4 MW,A.) 1.0-1.99 MW,B.) 101-111 METERS,C.) 90-100 METERS,GEARED,NOMINAL,BALANCE OF PLANT,TURBINE ERECTION,756404.55856
28,2024Y,UNITED STATES,HAWAII,A.) 1-4 MW,A.) 1.0-1.99 MW,B.) 101-111 METERS,C.) 90-100 METERS,GEARED,NOMINAL,BALANCE OF PLANT,TURBINE ERECTION,757328.5878399999
28,2025Y,UNITED STATES,HAWAII,A.) 1-4 MW,A.) 1.0-1.99 MW,B.) 101-111 METERS,C.) 90-100 METERS,GEARED,NOMINAL,BALANCE OF PLANT,TURBINE ERECTION,769719.23416
28,2026Y,UNITED STATES,HAWAII,A.) 1-4 MW,A.) 1.0-1.99 MW,B.) 101-111 METERS,C.) 90-100 METERS,GEARED,NOMINAL,BALANCE OF PLANT,TURBINE ERECTION,785184.05387
28,2027Y,UNITED STATES,HAWAII,A.) 1-4 MW,A.) 1.0-1.99 MW,B.) 101-111 METERS,C.) 90-100 METERS,GEARED,NOMINAL,BALANCE OF PLANT,TURBINE ERECTION,808077.24621
28,2028Y,UNITED STATES,HAWAII,A.) 1-4 MW,A.) 1.0-1.99 MW,B.) 101-111 METERS,C.) 90-100 METERS,GEARED,NOMINAL,BALANCE OF PLANT,TURBINE ERECTION,834578.27307
29,2023Q4,UNITED STATES,HAWAII,A.) 1-4 MW,A.) 1.0-1.99 MW,B.) 101-111 METERS,B.) 81-90 METERS,GEARED,NOMINAL,BALANCE OF PLANT,TURBINE ERECTION,742711.88452
29,2024Q1,UNITED STATES,HAWAII,A.) 1-4 MW,A.) 1.0-1.99 MW,B.) 101-111 METERS,B.) 81-90 METERS,GEARED,NOMINAL,BALANCE OF PLANT,TURBINE ERECTION,747097.44944
29,2024Q2,UNITED STATES,HAWAII,A.) 1-4 MW,A.) 1.0-1.99 MW,B.) 101-111 METERS,B.) 81-90 METERS,GEARED,NOMINAL,BALANCE OF PLANT,TURBINE ERECTION,752512.70849
29,2024Q3,UNITED STATES,HAWAII,A.) 1-4 MW,A.) 1.0-1.99 MW,B.) 101-111 METERS,B.) 81-90 METERS,GEARED,NOMINAL,BALANCE OF PLANT,TURBINE ERECTION,756404.55856
29,2024Y,UNITED STATES,HAWAII,A.) 1-4 MW,A.) 1.0-1.99 MW,B.) 101-111 METERS,B.) 81-90 METERS,GEARED,NOMINAL,BALANCE OF PLANT,TURBINE ERECTION,757328.5878399999
29,2025Y,UNITED STATES,HAWAII,A.) 1-4 MW,A.) 1.0-1.99 MW,B.) 101-111 METERS,B.) 81-90 METERS,GEARED,NOMINAL,BALANCE OF PLANT,TURBINE ERECTION,769719.23416
29,2026Y,UNITED STATES,HAWAII,A.) 1-4 MW,A.) 1.0-1.99 MW,B.) 101-111 METERS,B.) 81-90 METERS,GEARED,NOMINAL,BALANCE OF PLANT,TURBINE ERECTION,785184.05387
29,2027Y,UNITED STATES,HAWAII,A.) 1-4 MW,A.) 1.0-1.99 MW,B.) 101-111 METERS,B.) 81-90 METERS,GEARED,NOMINAL,BALANCE OF PLANT,TURBINE ERECTION,808077.24621
29,2028Y,UNITED STATES,HAWAII,A.) 1-4 MW,A.) 1.0-1.99 MW,B.) 101-111 METERS,B.) 81-90 METERS,GEARED,NOMINAL,BALANCE OF PLANT,TURBINE ERECTION,834578.27307
30,2023Q4,UNITED STATES,HAWAII,A.) 1-4 MW,A.) 1.0-1.99 MW,B.) 101-111 METERS,A.) <81 METERS,GEARED,NOMINAL,BALANCE OF PLANT,TURBINE ERECTION,742711.88452
30,2024Q1,UNITED STATES,HAWAII,A.) 1-4 MW,A.) 1.0-1.99 MW,B.) 101-111 METERS,A.) <81 METERS,GEARED,NOMINAL,BALANCE OF PLANT,TURBINE ERECTION,747097.44944
30,2024Q2,UNITED STATES,HAWAII,A.) 1-4 MW,A.) 1.0-1.99 MW,B.) 101-111 METERS,A.) <81 METERS,GEARED,NOMINAL,BALANCE OF PLANT,TURBINE ERECTION,752512.70849
30,2024Q3,UNITED STATES,HAWAII,A.) 1-4 MW,A.) 1.0-1.99 MW,B.) 101-111 METERS,A.) <81 METERS,GEARED,NOMINAL,BALANCE OF PLANT,TURBINE ERECTION,756404.55856
30,2024Y,UNITED STATES,HAWAII,A.) 1-4 MW,A.) 1.0-1.99 MW,B.) 101-111 METERS,A.) <81 METERS,GEARED,NOMINAL,BALANCE OF PLANT,TURBINE ERECTION,757328.5878399999
30,2025Y,UNITED STATES,HAWAII,A.) 1-4 MW,A.) 1.0-1.99 MW,B.) 101-111 METERS,A.) <81 METERS,GEARED,NOMINAL,BALANCE OF PLANT,TURBINE ERECTION,769719.23416
30,2026Y,UNITED STATES,HAWAII,A.) 1-4 MW,A.) 1.0-1.99 MW,B.) 101-111 METERS,A.) <81 METERS,GEARED,NOMINAL,BALANCE OF PLANT,TURBINE ERECTION,785184.05387
30,2027Y,UNITED STATES,HAWAII,A.) 1-4 MW,A.) 1.0-1.99 MW,B.) 101-111 METERS,A.) <81 METERS,GEARED,NOMINAL,BALANCE OF PLANT,TURBINE ERECTION,808077.24621
30,2028Y,UNITED STATES,HAWAII,A.) 1-4 MW,A.) 1.0-1.99 MW,B.) 101-111 METERS,A.) <81 METERS,GEARED,NOMINAL,BALANCE OF PLANT,TURBINE ERECTION,834578.27307
31,2023Q4,UNITED STATES,HAWAII,A.) 1-4 MW,A.) 1.0-1.99 MW,A.) <101 METERS,F.) 121+ METERS,GEARED,NOMINAL,BALANCE OF PLANT,TURBINE ERECTION,742711.88452
31,2024Q1,UNITED STATES,HAWAII,A.) 1-4 MW,A.) 1.0-1.99 MW,A.) <101 METERS,F.) 121+ METERS,GEARED,NOMINAL,BALANCE OF PLANT,TURBINE ERECTION,747097.44944
31,2024Q2,UNITED STATES,HAWAII,A.) 1-4 MW,A.) 1.0-1.99 MW,A.) <101 METERS,F.) 121+ METERS,GEARED,NOMINAL,BALANCE OF PLANT,TURBINE ERECTION,752512.70849
31,2024Q3,UNITED STATES,HAWAII,A.) 1-4 MW,A.) 1.0-1.99 MW,A.) <101 METERS,F.) 121+ METERS,GEARED,NOMINAL,BALANCE OF PLANT,TURBINE ERECTION,756404.55856
31,2024Y,UNITED STATES,HAWAII,A.) 1-4 MW,A.) 1.0-1.99 MW,A.) <101 METERS,F.) 121+ METERS,GEARED,NOMINAL,BALANCE OF PLANT,TURBINE ERECTION,757328.5878399999
31,2025Y,UNITED STATES,HAWAII,A.) 1-4 MW,A.) 1.0-1.99 MW,A.) <101 METERS,F.) 121+ METERS,GEARED,NOMINAL,BALANCE OF PLANT,TURBINE ERECTION,769719.23416
31,2026Y,UNITED STATES,HAWAII,A.) 1-4 MW,A.) 1.0-1.99 MW,A.) <101 METERS,F.) 121+ METERS,GEARED,NOMINAL,BALANCE OF PLANT,TURBINE ERECTION,785184.05387
31,2027Y,UNITED STATES,HAWAII,A.) 1-4 MW,A.) 1.0-1.99 MW,A.) <101 METERS,F.) 121+ METERS,GEARED,NOMINAL,BALANCE OF PLANT,TURBINE ERECTION,808077.24621
31,2028Y,UNITED STATES,HAWAII,A.) 1-4 MW,A.) 1.0-1.99 MW,A.) <101 METERS,F.) 121+ METERS,GEARED,NOMINAL,BALANCE OF PLANT,TURBINE ERECTION,834578.27307
32,2023Q4,UNITED STATES,HAWAII,A.) 1-4 MW,A.) 1.0-1.99 MW,A.) <101 METERS,E.) 111-120 METERS,GEARED,NOMINAL,BALANCE OF PLANT,TURBINE ERECTION,742711.88452
32,2024Q1,UNITED STATES,HAWAII,A.) 1-4 MW,A.) 1.0-1.99 MW,A.) <101 METERS,E.) 111-120 METERS,GEARED,NOMINAL,BALANCE OF PLANT,TURBINE ERECTION,747097.44944
32,2024Q2,UNITED STATES,HAWAII,A.) 1-4 MW,A.) 1.0-1.99 MW,A.) <101 METERS,E.) 111-120 METERS,GEARED,NOMINAL,BALANCE OF PLANT,TURBINE ERECTION,752512.70849
32,2024Q3,UNITED STATES,HAWAII,A.) 1-4 MW,A.) 1.0-1.99 MW,A.) <101 METERS,E.) 111-120 METERS,GEARED,NOMINAL,BALANCE OF PLANT,TURBINE ERECTION,756404.55856
32,2024Y,UNITED STATES,HAWAII,A.) 1-4 MW,A.) 1.0-1.99 MW,A.) <101 METERS,E.) 111-120 METERS,GEARED,NOMINAL,BALANCE OF PLANT,TURBINE ERECTION,757328.5878399999
32,2025Y,UNITED STATES,HAWAII,A.) 1-4 MW,A.) 1.0-1.99 MW,A.) <101 METERS,E.) 111-120 METERS,GEARED,NOMINAL,BALANCE OF PLANT,TURBINE ERECTION,769719.23416
32,2026Y,UNITED STATES,HAWAII,A.) 1-4 MW,A.) 1.0-1.99 MW,A.) <101 METERS,E.) 111-120 METERS,GEARED,NOMINAL,BALANCE OF PLANT,TURBINE ERECTION,785184.05387
32,2027Y,UNITED STATES,HAWAII,A.) 1-4 MW,A.) 1.0-1.99 MW,A.) <101 METERS,E.) 111-120 METERS,GEARED,NOMINAL,BALANCE OF PLANT,TURBINE ERECTION,808077.24621
32,2028Y,UNITED STATES,HAWAII,A.) 1-4 MW,A.) 1.0-1.99 MW,A.) <101 METERS,E.) 111-120 METERS,GEARED,NOMINAL,BALANCE OF PLANT,TURBINE ERECTION,834578.27307
33,2023Q4,UNITED STATES,HAWAII,A.) 1-4 MW,A.) 1.0-1.99 MW,A.) <101 METERS,D.) 101-110 METERS,GEARED,NOMINAL,BALANCE OF PLANT,TURBINE ERECTION,742711.88452
33,2024Q1,UNITED STATES,HAWAII,A.) 1-4 MW,A.) 1.0-1.99 MW,A.) <101 METERS,D.) 101-110 METERS,GEARED,NOMINAL,BALANCE OF PLANT,TURBINE ERECTION,747097.44944
33,2024Q2,UNITED STATES,HAWAII,A.) 1-4 MW,A.) 1.0-1.99 MW,A.) <101 METERS,D.) 101-110 METERS,GEARED,NOMINAL,BALANCE OF PLANT,TURBINE ERECTION,752512.70849
33,2024Q3,UNITED STATES,HAWAII,A.) 1-4 MW,A.) 1.0-1.99 MW,A.) <101 METERS,D.) 101-110 METERS,GEARED,NOMINAL,BALANCE OF PLANT,TURBINE ERECTION,756404.55856
33,2024Y,UNITED STATES,HAWAII,A.) 1-4 MW,A.) 1.0-1.99 MW,A.) <101 METERS,D.) 101-110 METERS,GEARED,NOMINAL,BALANCE OF PLANT,TURBINE ERECTION,757328.5878399999
33,2025Y,UNITED STATES,HAWAII,A.) 1-4 MW,A.) 1.0-1.99 MW,A.) <101 METERS,D.) 101-110 METERS,GEARED,NOMINAL,BALANCE OF PLANT,TURBINE ERECTION,769719.23416
33,2026Y,UNITED STATES,HAWAII,A.) 1-4 MW,A.) 1.0-1.99 MW,A.) <101 METERS,D.) 101-110 METERS,GEARED,NOMINAL,BALANCE OF PLANT,TURBINE ERECTION,785184.05387
33,2027Y,UNITED STATES,HAWAII,A.) 1-4 MW,A.) 1.0-1.99 MW,A.) <101 METERS,D.) 101-110 METERS,GEARED,NOMINAL,BALANCE OF PLANT,TURBINE ERECTION,808077.24621
33,2028Y,UNITED STATES,HAWAII,A.) 1-4 MW,A.) 1.0-1.99 MW,A.) <101 METERS,D.) 101-110 METERS,GEARED,NOMINAL,BALANCE OF PLANT,TURBINE ERECTION,834578.27307
34,2023Q4,UNITED STATES,HAWAII,A.) 1-4 MW,A.) 1.0-1.99 MW,A.) <101 METERS,C.) 90-100 METERS,GEARED,NOMINAL,BALANCE OF PLANT,TURBINE ERECTION,742711.88452
34,2024Q1,UNITED STATES,HAWAII,A.) 1-4 MW,A.) 1.0-1.99 MW,A.) <101 METERS,C.) 90-100 METERS,GEARED,NOMINAL,BALANCE OF PLANT,TURBINE ERECTION,747097.44944
34,2024Q2,UNITED STATES,HAWAII,A.) 1-4 MW,A.) 1.0-1.99 MW,A.) <101 METERS,C.) 90-100 METERS,GEARED,NOMINAL,BALANCE OF PLANT,TURBINE ERECTION,752512.70849
34,2024Q3,UNITED STATES,HAWAII,A.) 1-4 MW,A.) 1.0-1.99 MW,A.) <101 METERS,C.) 90-100 METERS,GEARED,NOMINAL,BALANCE OF PLANT,TURBINE ERECTION,756404.55856
34,2024Y,UNITED STATES,HAWAII,A.) 1-4 MW,A.) 1.0-1.99 MW,A.) <101 METERS,C.) 90-100 METERS,GEARED,NOMINAL,BALANCE OF PLANT,TURBINE ERECTION,757328.5878399999
34,2025Y,UNITED STATES,HAWAII,A.) 1-4 MW,A.) 1.0-1.99 MW,A.) <101 METERS,C.) 90-100 METERS,GEARED,NOMINAL,BALANCE OF PLANT,TURBINE ERECTION,769719.23416
34,2026Y,UNITED STATES,HAWAII,A.) 1-4 MW,A.) 1.0-1.99 MW,A.) <101 METERS,C.) 90-100 METERS,GEARED,NOMINAL,BALANCE OF PLANT,TURBINE ERECTION,785184.05387
34,2027Y,UNITED STATES,HAWAII,A.) 1-4 MW,A.) 1.0-1.99 MW,A.) <101 METERS,C.) 90-100 METERS,GEARED,NOMINAL,BALANCE OF PLANT,TURBINE ERECTION,808077.24621
34,2028Y,UNITED STATES,HAWAII,A.) 1-4 MW,A.) 1.0-1.99 MW,A.) <101 METERS,C.) 90-100 METERS,GEARED,NOMINAL,BALANCE OF PLANT,TURBINE ERECTION,834578.27307
35,2023Q4,UNITED STATES,HAWAII,A.) 1-4 MW,A.) 1.0-1.99 MW,A.) <101 METERS,B.) 81-90 METERS,GEARED,NOMINAL,BALANCE OF PLANT,TURBINE ERECTION,742711.88452
35,2024Q1,UNITED STATES,HAWAII,A.) 1-4 MW,A.) 1.0-1.99 MW,A.) <101 METERS,B.) 81-90 METERS,GEARED,NOMINAL,BALANCE OF PLANT,TURBINE ERECTION,747097.44944
35,2024Q2,UNITED STATES,HAWAII,A.) 1-4 MW,A.) 1.0-1.99 MW,A.) <101 METERS,B.) 81-90 METERS,GEARED,NOMINAL,BALANCE OF PLANT,TURBINE ERECTION,752512.70849
35,2024Q3,UNITED STATES,HAWAII,A.) 1-4 MW,A.) 1.0-1.99 MW,A.) <101 METERS,B.) 81-90 METERS,GEARED,NOMINAL,BALANCE OF PLANT,TURBINE ERECTION,756404.55856
35,2024Y,UNITED STATES,HAWAII,A.) 1-4 MW,A.) 1.0-1.99 MW,A.) <101 METERS,B.) 81-90 METERS,GEARED,NOMINAL,BALANCE OF PLANT,TURBINE ERECTION,757328.5878399999
35,2025Y,UNITED STATES,HAWAII,A.) 1-4 MW,A.) 1.0-1.99 MW,A.) <101 METERS,B.) 81-90 METERS,GEARED,NOMINAL,BALANCE OF PLANT,TURBINE ERECTION,769719.23416
35,2026Y,UNITED STATES,HAWAII,A.) 1-4 MW,A.) 1.0-1.99 MW,A.) <101 METERS,B.) 81-90 METERS,GEARED,NOMINAL,BALANCE OF PLANT,TURBINE ERECTION,785184.05387
35,2027Y,UNITED STATES,HAWAII,A.) 1-4 MW,A.) 1.0-1.99 MW,A.) <101 METERS,B.) 81-90 METERS,GEARED,NOMINAL,BALANCE OF PLANT,TURBINE ERECTION,808077.24621
35,2028Y,UNITED STATES,HAWAII,A.) 1-4 MW,A.) 1.0-1.99 MW,A.) <101 METERS,B.) 81-90 METERS,GEARED,NOMINAL,BALANCE OF PLANT,TURBINE ERECTION,834578.27307
36,2023Q4,UNITED STATES,HAWAII,A.) 1-4 MW,A.) 1.0-1.99 MW,A.) <101 METERS,A.) <81 METERS,GEARED,NOMINAL,BALANCE OF PLANT,TURBINE ERECTION,742711.88452
36,2024Q1,UNITED STATES,HAWAII,A.) 1-4 MW,A.) 1.0-1.99 MW,A.) <101 METERS,A.) <81 METERS,GEARED,NOMINAL,BALANCE OF PLANT,TURBINE ERECTION,747097.44944
36,2024Q2,UNITED STATES,HAWAII,A.) 1-4 MW,A.) 1.0-1.99 MW,A.) <101 METERS,A.) <81 METERS,GEARED,NOMINAL,BALANCE OF PLANT,TURBINE ERECTION,752512.70849
36,2024Q3,UNITED STATES,HAWAII,A.) 1-4 MW,A.) 1.0-1.99 MW,A.) <101 METERS,A.) <81 METERS,GEARED,NOMINAL,BALANCE OF PLANT,TURBINE ERECTION,756404.55856
36,2024Y,UNITED STATES,HAWAII,A.) 1-4 MW,A.) 1.0-1.99 MW,A.) <101 METERS,A.) <81 METERS,GEARED,NOMINAL,BALANCE OF PLANT,TURBINE ERECTION,757328.5878399999
36,2025Y,UNITED STATES,HAWAII,A.) 1-4 MW,A.) 1.0-1.99 MW,A.) <101 METERS,A.) <81 METERS,GEARED,NOMINAL,BALANCE OF PLANT,TURBINE ERECTION,769719.23416
36,2026Y,UNITED STATES,HAWAII,A.) 1-4 MW,A.) 1.0-1.99 MW,A.) <101 METERS,A.) <81 METERS,GEARED,NOMINAL,BALANCE OF PLANT,TURBINE ERECTION,785184.05387
36,2027Y,UNITED STATES,HAWAII,A.) 1-4 MW,A.) 1.0-1.99 MW,A.) <101 METERS,A.) <81 METERS,GEARED,NOMINAL,BALANCE OF PLANT,TURBINE ERECTION,808077.24621